time_idx,Exponential_pred,Logistic_pred,Richards_pred,Gompertz_pred,Random_Forest_pred
0.0,4409.282432259501,6612.948670151713,6409.76357187564,8083.99809948031,806.58
1.0,4437.766884422386,6629.995000295923,6427.049953458644,8087.920545693588,48.28
2.0,4466.330300534259,6647.115535863588,6444.411197551499,8091.898149915707,63.1
3.0,4494.972899497183,6664.310587336608,6461.847615863835,8095.931528265326,79.005
4.0,4523.694900820046,6681.580466384405,6479.359521292054,8100.02130144833,104.355
5.0,4552.496524620266,6698.925485867474,6496.947227922832,8104.168094763301,127.33
6.0,4581.377991625457,6716.345959840918,6514.6110510366525,8108.372538106651,145.425
7.0,4610.339523175135,6733.842203557984,6532.351307111311,8112.635265977394,164.575
8.0,4639.381341222399,6751.414533473602,6550.168313825448,8116.956917481589,182.92
9.0,4668.503668335652,6769.063267247938,6568.062390062069,8121.33813633641,205.29
10.0,4697.706727700293,6786.788723749926,6586.033855912059,8125.779570873878,223.055
11.0,4726.990743120425,6804.591223060817,6604.083032677712,8130.281874044225,239.965
12.0,4756.355939020581,6822.471086477715,6622.210242876252,8134.845703418907,254.35
13.0,4785.802540447439,6840.4286365171265,6640.41581024335,8139.471721193243,272.38
14.0,4815.330773071544,6858.464196918503,6658.7000597366605,8144.160594188705,299.575
15.0,4844.940863189038,6876.57809264778,6677.063317539327,8148.912993854827,320.27
16.0,4874.633037723401,6894.770649900924,6695.505911063521,8153.729596270753,343.535
17.0,4904.407524227179,6913.042196107479,6714.0281689539515,8158.61108214641,364.38
18.0,4934.2645508837395,6931.393059934102,6732.630421091395,8163.558136823305,376.835
19.0,4964.204346509014,6949.823571288107,6751.31299859621,8168.571450274954,389.925
20.0,4994.22714055325,6968.3340613210075,6770.076233831862,8173.651717106921,415.25
21.0,5024.333163102769,6986.924862432061,6788.920460408446,8178.799636556483,436.78
22.0,5054.522644881741,7005.596308271806,6807.846013186196,8184.015912491916,462.32
23.0,5084.795817253937,7024.348733745592,6826.853228279009,8189.301253411385,484.965
24.0,5115.152912224512,7043.182475017133,6845.9424430579675,8194.656372441455,513.18
25.0,5145.594162441781,7062.097869512034,6865.113996154836,8200.08198733522,534.97
26.0,5176.119801199,7081.095255921327,6884.368227465593,8205.578820470015,560.475
27.0,5206.730062436156,7100.174974205009,6903.7054781539355,8211.147598844771,588.955
28.0,5237.425180741759,7119.337365595562,6923.126090654785,8216.78905407695,613.955
29.0,5268.205391354639,7138.582772601503,6942.6304086778055,8222.503922399084,641.84
30.0,5299.070930165752,7157.911539010891,6962.218777210903,8228.292944654937,669.99
31.0,5330.022033719984,7177.3240098948645,6981.891542523725,8234.156866295241,703.505
32.0,5361.0589392179645,7196.82053161116,7001.649052171175,8240.096437373046,739.46
33.0,5392.181884517886,7216.401451807638,7021.4916549969,8246.112412538663,785.535
34.0,5423.391108137326,7236.067119425803,7041.419701136794,8252.205551034202,836.1
35.0,5454.686849255078,7255.8178847043,7061.433542022485,8258.376616687703,882.315
36.0,5486.069347712975,7275.654099182455,7081.533530384835,8264.626377906861,923.71
37.0,5517.538844017741,7295.576115703769,7101.720020257417,8270.955607672338,972.355
38.0,5549.095579342818,7315.58428841943,7121.993366980003,8277.36508353067,1018.455
39.0,5580.739795530237,7335.678972791808,7142.353927202057,8283.855587586757,1081.03
40.0,5612.4717350924475,7355.860525597962,7162.802058886191,8290.427906495941,1133.27
41.0,5644.291641214189,7376.129304933138,7183.338121311655,8297.082831455667,1178.84
42.0,5676.199757754352,7396.485670214262,7203.9624750778,8303.821158196744,1243.05
43.0,5708.196329247847,7416.929982183412,7224.6754821075465,8310.643686974157,1304.12
44.0,5740.281600907483,7437.462602911326,7245.477505650839,8317.551222557498,1368.11
45.0,5772.455818625836,7458.083895800872,7266.368910288118,8324.544574220949,1420.45
46.0,5804.719228977145,7478.794225590509,7287.350061933756,8331.62455573286,1480.28
47.0,5837.072079219191,7499.593958357786,7308.421327839515,8338.791985344904,1543.64
48.0,5869.514617295199,7520.483461522781,7329.583076597988,8346.04768578081,1604.555
49.0,5902.047091835742,7541.463103851587,7350.835678146037,8353.392484224665,1657.52
50.0,5934.669752160635,7562.533255459743,7372.179503768224,8360.827212308806,1696.225
51.0,5967.382848280855,7583.694287815699,7393.614926100239,8368.352706101285,1744.325
52.0,6000.186630900449,7604.946573744262,7415.142319132325,8375.969806092891,1884.335
53.0,6033.081351418465,7626.290487430031,7436.762058212682,8383.67935718378,2052.055
54.0,6066.067261930873,7647.726404420824,7458.4745200509005,8391.482208669648,2193.04
55.0,6099.144615232497,7669.254701631122,7480.280082721343,8399.379214227492,2272.78
56.0,6132.313664818952,7690.8757573454695,7502.179125666546,8407.37123190095,2339.59
57.0,6165.574664888589,7712.589951221913,7524.1720297006195,8415.459124085193,2427.345
58.0,6198.92787034444,7734.39766429538,7546.259177012629,8423.64375751141,2515.525
59.0,6232.373536796178,7756.299278981109,7568.440951169965,8431.926003230858,2603.23
60.0,6265.911920562065,7778.295179078021,7590.71773712172,8440.306736598475,2685.8
61.0,6299.543278670928,7800.385749772126,7613.089921202056,8448.786837256084,2757.13
62.0,6333.267868864121,7822.571377639879,7635.557891133549,8457.367189115148,2824.735
63.0,6367.0859495975,7844.852450651575,7658.122036030545,8466.048680339105,2869.48
64.0,6400.9977800434135,7867.2293581747035,7680.7827464024995,8474.83220332528,2935.24
65.0,6435.003620092673,7889.702490977303,7703.540414157307,8483.718654686365,3000.92
66.0,6469.1037303565645,7912.272241231303,7726.395432604628,8492.708935231452,3074.19
67.0,6503.2983721688215,7934.939002515883,7749.348196459197,8501.803949946678,3143.695
68.0,6537.5878075876535,7957.703169820783,7772.399101844141,8511.004607975394,3222.22
69.0,6571.97229939773,7980.565139549639,7795.548546294271,8520.311822597954,3278.78
70.0,6606.452111112218,8003.525309523284,7818.79692875937,8529.72651121103,3364.76
71.0,6641.027506974779,8026.584078983065,7842.144649607468,8539.249595306537,3444.055
72.0,6675.698751961609,8049.741848594129,7865.592110628126,8548.88200045011,3516.785
73.0,6710.466111783469,8072.999020448708,7889.139715035681,8558.62465625916,3582.68
74.0,6745.329852887709,8096.355998069395,7912.787867472503,8568.47849638051,3653.345
75.0,6780.290242460331,8119.81318641241,7936.5369740122405,8578.444458467595,3723.23
76.0,6815.34754842801,8143.370991870852,7960.387442163037,8588.523484157242,3798.36
77.0,6850.502039460167,8167.02982227794,7984.33968087076,8598.716519046038,3866.325
78.0,6885.753984971025,8190.790086910256,8008.394100522208,8609.02451266625,3929.415
79.0,6921.1036551216675,8214.652196490953,8032.551112948302,8619.448418461343,3994.13
80.0,6956.551320822111,8238.61656319298,8056.811131427279,8629.989193761074,4081.555
81.0,6992.097253733389,8262.68360064226,8081.174570687861,8640.647799756147,4153.065
82.0,7027.741726269622,8286.853723920902,8105.641846912415,8651.425201472479,4219.52
83.0,7063.485011600109,8311.127349570363,8130.213377740109,8662.322367745022,4299.57
84.0,7099.327383651431,8335.50489559461,8154.889582270051,8673.340271191179,4385.01
85.0,7135.269117109532,8359.986781463269,8179.67088106441,8684.479888183792,4465.54
86.0,7171.310487421839,8384.573428114772,8204.557696151525,8695.74219882374,4544.46
87.0,7207.451770799373,8409.26525795948,8229.550451029016,8707.12818691209,4619.635
88.0,7243.693244218852,8434.062694882787,8254.649570666861,8718.638839921863,4697.45
89.0,7280.035185424827,8458.966164248219,8279.855481510473,8730.275148969371,4773.555
90.0,7316.477872931806,8483.976092900526,8305.16861148376,8742.03810878515,4837.845
91.0,7353.021586026389,8509.09290916875,8330.589389992168,8753.928717684485,4907.255
92.0,7389.666604769405,8534.317042869281,8356.118247925715,8765.94797753753,4986.48
93.0,7426.413209998065,8559.648925308891,8381.755617662002,8778.09689373902,5081.565
94.0,7463.26168332811,8585.088989287771,8407.501933069221,8790.376475177578,5156.72
95.0,7500.212307155965,8610.637669102542,8433.357629509139,8802.78773420461,5233.47
96.0,7537.265364660916,8636.29540054925,8459.323143840063,8815.33168660283,5313.665
97.0,7574.421139807262,8662.062620926337,8485.398914419811,8828.009351554352,5365.625
98.0,7611.679917346513,8687.939769037632,8511.585381108636,8840.8217516084,5439.665
99.0,7649.04198281955,8713.927285195272,8537.882985272161,8853.769912648628,5494.465
100.0,7686.507622558831,8740.025611222653,8564.29216978428,8866.854863860035,5550.27
101.0,7724.077123690577,8766.235190457333,8590.813379030045,8880.0776376955,5601.64
102.0,7761.750774136968,8792.556467753953,8617.447058908556,8893.439269841918,5655.57
103.0,7799.5288626183665,8818.98988948709,8644.193656835798,8906.940799185952,5703.135
104.0,7837.411678655508,8845.53590355415,8671.053621747487,8920.58326777941,5813.495
105.0,7875.399512571737,8872.194959378188,8698.027404101904,8934.36772080422,5986.765
106.0,7913.4926554952235,8898.96750791076,8725.115455882673,8948.29520653704,6120.105
107.0,7951.691399361198,8925.854001634721,8752.318230601564,8962.366776313476,6210.845
108.0,7989.996036914183,8952.85489456702,8779.636183301258,8976.583484491954,6299.3
109.0,8028.406861710246,8979.970642261469,8807.069770558086,8990.946388417166,6379.81
110.0,8066.924168119243,9007.201701811502,8834.619450484757,9005.456548383198,6496.465
111.0,8105.548251327073,9034.548531852912,8862.285682733074,9020.115027596257,6577.98
112.0,8144.279407337941,9062.011592566545,8890.068928496617,9034.922892137045,6675.04
113.0,8183.117932976635,9089.59134568102,8917.969650513407,9049.88121092276,6747.51
114.0,8222.064125890787,9117.28825447539,8945.988313068567,9064.991055668746,6834.885
115.0,8261.118284553168,9145.102783781795,8974.125381996928,9080.253500849773,6893.905
116.0,8300.280708263957,9173.035399988088,9002.38132468565,9095.669623660975,6977.355
117.0,8339.551697153061,9201.086571040456,9030.756610076804,9111.240503978423,7057.815
118.0,8378.931552182388,9229.256766446004,9059.251708669924,9126.967224319358,7124.96
119.0,8418.420575148171,9257.54645727532,9087.867092524564,9142.850869802058,7188.61
120.0,8458.019068683276,9285.956116165014,9116.603235262803,9158.892528105389,7249.97
121.0,8497.727336259519,9314.48621732025,9145.460612071736,9175.093289427983,7316.51
122.0,8537.545682189995,9343.137236517234,9174.439699705963,9191.454246447107,7389.145
123.0,8577.47441163141,9371.909651105696,9203.54097649002,9207.97649427717,7462.955
124.0,8617.513830586413,9400.803940011336,9232.764922320815,9224.66113042792,7538.74
125.0,8657.664245905951,9429.820583738252,9262.112018670026,9241.509254762286,7605.94
126.0,8697.92596529162,9458.960064371346,9291.582748586465,9258.521969453925,7677.35
127.0,8738.299297298014,9488.222865578695,9321.177596698453,9275.700378944417,7766.225
128.0,8778.784551335088,9517.609472613904,9350.89704921612,9293.045589900154,7860.98
129.0,8819.382037670555,9547.120372318444,9380.741593933737,9310.558711168915,7933.03
130.0,8860.09206743223,9576.75605312394,9410.711720231953,9328.240853736117,8010.72
131.0,8900.914952610432,9606.517005054457,9440.807919080074,9346.093130680762,8081.4
132.0,8941.851006060375,9636.40371972873,9471.030683038276,9364.116657131075,8154.91
133.0,8982.900541504561,9666.416690362417,9501.380506259793,9382.312550219845,8232.945
134.0,9024.063873535193,9696.556411770262,9531.857884493094,9400.681929039456,8309.33
135.0,9065.341317616569,9726.823380368282,9562.463315084025,9419.225914596629,8400.82
136.0,9106.733190087518,9757.218094175894,9593.19729697791,9437.945629766862,8485.54
137.0,9148.23980816381,9787.741052818039,9624.06033072165,9456.842199248596,8564.55
138.0,9189.861489940598,9818.392757527248,9655.052918465764,9475.916749517084,8661.99
139.0,9231.59855439485,9849.173711145711,9686.17556396643,9495.17040877797,8737.14
140.0,9273.451321387794,9880.084418127282,9717.428772587467,9514.60430692061,8818.12
141.0,9315.420111667372,9911.125384539491,9748.813051302319,9534.219575471103,8905.075
142.0,9357.505246870693,9942.297118065502,9780.328908695972,9554.017347545057,8968.05
143.0,9399.707049526498,9973.600128006028,9811.976854966873,9573.998757800086,9035.06
144.0,9442.025843057649,10005.034925281263,9843.757401928817,9594.164942388035,9123.365
145.0,9484.461951783574,10036.602022432733,9875.67106301276,9614.517038906966,9208.845
146.0,9527.01570092279,10068.301933625138,9907.718353268656,9635.056186352866,9310.225
147.0,9569.687416595365,10100.135174648152,9939.899789367224,9655.783525071114,9376.24
148.0,9612.477425825435,10132.102262918215,9972.215889601706,9676.700196707707,9441.225
149.0,9655.3860565437,10164.203717480257,10004.667173889575,9697.807344160217,9524.12
150.0,9698.413637589949,10196.440059009412,10037.254163774209,9719.106111528537,9619.27
151.0,9741.560498715571,10228.811809812689,10069.977382426554,9740.597644065376,9682.015
152.0,9784.826970586082,10261.319493830611,10102.837354646728,9762.283088126518,9741.7
153.0,9828.213384783663,10293.963636638828,10135.834606865594,9784.16359112086,9816.74
154.0,9871.720073809696,10326.744765449681,10168.969667146315,9806.240301460226,9858.755
155.0,9915.34737108732,10359.663409113722,10202.243065185849,9828.514368508962,9896.625
156.0,9959.095610963981,10392.720098121239,10235.655332316435,9850.986942533315,9927.86
157.0,10002.965128714,10425.915364603703,10269.207001507015,9873.659174650582,9988.705
158.0,10046.956260541125,10459.249742335194,10302.898607364645,9896.532216778083,10075.5
159.0,10091.069343581134,10492.723766733785,10336.730686135837,9919.607221581922,10176.81
160.0,10135.304715904396,10526.337974862901,10370.703775707922,9942.88534242552,10256.285
161.0,10179.662716518475,10560.092905432633,10404.818415610282,9966.367733317993,10349.1
162.0,10224.143685370727,10593.989098801003,10439.075147015643,9990.055548862318,10452.5
163.0,10268.747963350897,10628.027096975195,10473.474512741263,10013.949944203316,10541.645
164.0,10313.475892293738,10662.20744361277,10508.017057250097,10038.05207497546,10626.145
165.0,10358.327814981629,10696.530684022804,10542.703326651947,10062.363097250485,10715.03
166.0,10403.304075147205,10730.997365167013,10577.533868704524,10086.884167484866,10791.92
167.0,10448.405017475987,10765.608035660814,10612.50923281452,10111.616442467068,10866.175
168.0,10493.630987609027,10800.36324577438,10647.629970038603,10136.561079264702,10945.495
169.0,10538.982332145553,10835.263547433617,10682.896633084378,10161.71923517145,11009.95
170.0,10584.459398645626,10870.309494221116,10718.309776311324,10187.092067653884,11071.92
171.0,10630.062535632811,10905.501641377052,10753.869955731665,10212.68073429813,11129.78
172.0,10675.792092596841,10940.84054580007,10789.577729011213,10238.486392756338,11191.21
173.0,10721.648419996285,10976.32676604809,10825.433655470151,10264.510200693096,11258.88
174.0,10767.631869261264,11011.960862339074,10861.438296083794,10290.753315731608,11328.375
175.0,10813.742792796113,11047.743396551778,10897.592213483304,10317.216895399813,11388.625
176.0,10859.98154398209,11083.67493222643,10933.89597195632,10343.902097076349,11463.95
177.0,10906.348477180107,11119.756034565375,10970.350137447605,10370.810077936381,11543.12
178.0,10952.843947733412,11155.987270433654,11006.955277559595,10397.941994897337,11627.1
179.0,10999.468311970324,11192.369208359574,11043.71196155293,10425.299004564502,11703.995
180.0,11046.221927206987,11228.902418535203,11080.620760346927,10452.88226317651,11767.95
181.0,11093.105151750065,11265.587472816826,11117.682246520011,10480.69292655075,11845.725
182.0,11140.11834489953,11302.424944725333,11154.896994310098,10508.732150028643,11916.53
183.0,11187.261866951389,11339.41540944661,11192.265579614916,10537.001088420833,12017.55
184.0,11234.536079200449,11376.559443831824,11229.788579992299,10565.500895952291,12114.12
185.0,11281.941343943103,11413.857626397692,11267.466574660419,10594.232726207327,12199.635
186.0,11329.47802448008,11451.31053732668,11305.300144497956,10623.19773207451,12269.82
187.0,11377.146485119252,11488.918758467178,11343.289872044263,10652.397065691537,12350.78
188.0,11424.947091178421,11526.682873333602,11381.43634149941,10681.83187839,12419.965
189.0,11472.880208988101,11564.603467106446,11419.740138724233,10711.503320640086,12511.94
190.0,11520.94620589434,11602.681126632286,11458.20185124033,10741.412541995236,12594.515
191.0,11569.145450261554,11640.916440423738,11496.822068229949,10771.56069103673,12672.955
192.0,11617.47831147531,11679.30999865936,11535.60138053589,10801.948915318206,12755.39
193.0,11665.945159945184,11717.86239318349,11574.54038066131,10832.578361310141,12834.115
194.0,11714.546367107594,11756.574217506024,11613.639662769503,10863.450174344298,12926.48
195.0,11763.282305428644,11795.446066802182,11652.899822683588,10894.5654985581,13023.515
196.0,11812.153348406986,11834.47853791217,11692.321457886184,10925.925476839002,13137.375
197.0,11861.159870576661,11873.672229340807,11731.905167519002,10957.53125076881,13217.585
198.0,11910.302247510002,11913.027741257089,11771.651552382385,10989.383960567968,13314.65
199.0,11959.58085582049,11952.545675493711,11811.561214934796,11021.484745039854,13412.425
200.0,12008.996073165641,11992.226635546522,11851.63475929225,11053.83474151502,13487.345
201.0,12058.548278249904,12032.071226573913,11891.872791227683,11086.435085795438,13555.205
202.0,12108.237850827567,12072.080055396144,11932.275918170255,11119.286912098749,13630.285
203.0,12158.06517170567,12112.25373049465,11972.844749204618,11152.39135300248,13708.81
204.0,12208.03062274691,12152.592862011248,12013.579895070096,11185.749539388282,13776.41
205.0,12258.134586872568,12193.098061747274,12054.48196815983,11219.362600386168,13862.935
206.0,12308.377448065467,12233.769943162713,12095.551582519834,11253.231663318764,13933.065
207.0,12358.75959137289,12274.609121375215,12136.789353848022,11287.35785364556,13980.875
208.0,12409.28140290954,12315.61621315908,12178.195899493141,11321.742294907213,14005.63
209.0,12459.943269860492,12356.79183694415,12219.771838453671,11356.38610866983,14060.895
210.0,12510.745580484187,12398.136612814684,12261.517791376637,11391.290414469322,14138.69
211.0,12561.688724115358,12439.651162508117,12303.434380556368,11426.45632975575,14221.295
212.0,12612.773091168068,12481.336109413798,12345.522229933204,11461.884969837753,14302.485
213.0,12663.999073138662,12523.19207857163,12387.781965092106,11497.577447826981,14406.13
214.0,12715.36706260879,12565.219696670672,12430.21421326124,11533.534874582598,14485.785
215.0,12766.877453248404,12607.419592047654,12472.819603310461,11569.758358655816,14546.83
216.0,12818.53063981878,12649.792394685443,12515.59876574974,11606.249006234506,14584.135
217.0,12870.327018175538,12692.3387362114,12558.552332727548,11643.007921087861,14630.125
218.0,12922.266985271692,12735.05924989575,12601.68093802913,11680.036204511109,14702.335
219.0,12974.35093916067,12777.954570649792,12644.985217074736,11717.33495527034,14751.395
220.0,13026.579278999377,12821.025335024113,12688.465806917802,11754.905269547335,14811.565
221.0,13078.952405051246,12864.272181206663,12732.123346243,11792.74824088455,14860.345
222.0,13131.470718689323,12907.695749020837,12775.95847536428,11830.864960130131,14920.33
223.0,13184.13462239933,12951.296679923424,12819.971836222809,11869.256515383036,14965.2
224.0,13236.944519782728,12995.075617002516,12864.164072384852,11907.923991938253,15013.525
225.0,13289.900815559866,13039.033204975316,12908.535829039567,11946.86847223209,15052.435
226.0,13343.003915573032,13083.170090185919,12953.087752996733,11986.091035787606,15120.31
227.0,13396.254226789575,13127.486920602976,12997.82049268441,12025.59275916011,15177.465
228.0,13449.652157305043,13171.984345817309,13042.734698146523,12065.374715882786,15244.505
229.0,13503.198116346293,13216.66301703942,13087.831021040362,12105.437976412428,15303.685
230.0,13556.892514274628,13261.52358709698,13133.11011463401,12145.783608075304,15355.49
231.0,13610.735762588947,13306.566710432182,13178.572633803713,12186.412675013122,15453.92
232.0,13664.728273928895,13351.793043099065,13224.219235031143,12227.326238129139,15520.08
233.0,13718.870462078032,13397.203242760708,13270.0505764006,12268.525355034395,15597.88
234.0,13773.162741966999,13442.797968686407,13316.067317596138,12310.011079994083,15692.18
235.0,13827.605529676688,13488.577881748733,13362.270119898616,12351.784463874064,15787.81
236.0,13882.199242441455,13534.54364442052,13408.65964618265,12393.846554087506,15871.175
237.0,13936.944298652297,13580.695920771755,13455.23656091349,12436.198394541709,15944.74
238.0,13991.841117860064,13627.035376466441,13502.001530143849,12478.84102558504,16012.105
239.0,14046.890120778675,13673.562678759323,13548.955221510594,12521.775483954043,16085.005
240.0,14102.091729288348,13720.278496492536,13596.098304231413,12565.002802720726,16154.145
241.0,14157.446366438822,13767.183500092218,13643.431449101343,12608.524011239984,16221.365
242.0,14212.954456452602,13814.27836156499,13690.955328489279,12652.34013509719,16292.53
243.0,14268.616424728227,13861.563754494367,13738.67061633432,12696.452196056014,16361.495
244.0,14324.4326978435,13909.040354037088,13786.577988142113,12740.861212006323,16426.47
245.0,14380.403703558784,13956.708836919368,13834.678120981043,12785.56819691235,16479.15
246.0,14436.529870820266,14004.569881433037,13882.971693478377,12830.574160761013,16522.565
247.0,14492.811629763242,14052.624167431637,13931.459385816313,12875.880109510395,16568.405
248.0,14549.249411715433,14100.872376326359,13980.14187972793,12921.48704503848,16624.275
249.0,14605.84364920026,14149.315191081985,14029.019858493044,12967.395965092026,16689.815
250.0,14662.594775940192,14197.953296212667,14078.094006934038,13013.607863235662,16775.785
251.0,14719.503226860035,14246.787377777642,14127.365011411492,13060.123728801209,16850.64
252.0,14776.56943809031,14295.818123376856,14176.833559819808,13106.944546837172,16938.865
253.0,14833.793846970535,14345.046222146508,14226.500341582738,13154.071298058465,17014.22
254.0,14891.176892052647,14394.47236475448,14276.36604764877,13201.504958796351,17077.62
255.0,14948.719013104293,14444.097243395696,14326.431370486467,13249.246500948613,17152.02
256.0,15006.420651112267,14493.921551787356,14376.697004079708,13297.296891929896,17230.045
257.0,15064.282248285823,14543.945985164124,14427.163643922802,13345.657094622358,17310.35
258.0,15122.304248060123,14594.17124027318,14477.831987015546,13394.328067326484,17399.74
259.0,15180.487095099596,14644.5980153692,14528.70273185818,13443.310763712154,17472.255
260.0,15238.831235301366,14695.22701020921,14579.776578446223,13492.606132769968,17525.675
261.0,15297.33711579866,14746.058926047392,14631.05422826522,13542.21511876279,17579.205
262.0,15356.005184964239,14797.09446562975,14682.53638428543,13592.13866117753,17641.445
263.0,15414.835892413832,14848.334333188699,14734.223750956357,13642.377694677227,17721.53
264.0,15473.829689009583,14899.779234437523,14786.117034201206,13692.933149053293,17809.02
265.0,15532.987026863504,14951.429876564807,14838.216941411285,13743.80594917811,17907.98
266.0,15592.308359340945,15003.286968228671,14890.524181440203,13794.997014957808,17974.645
267.0,15651.794141064061,15055.351219550994,14943.03946459808,13846.507261285355,18055.39
268.0,15711.444827915302,15107.623342111445,14995.763502645566,13898.337597993886,18149.49
269.0,15771.260877040912,15160.104048941514,15048.697008787814,13950.488929810326,18223.19
270.0,15831.242746854407,15212.794054518352,15101.840697668338,14002.962156309226,18307.095
271.0,15891.39089704013,15265.694074758534,15155.19528536273,14055.758171866979,18392.095
272.0,15951.705788556732,15318.80482701176,15208.761489372331,14108.877865616196,18483.905
273.0,16012.187883640729,15372.127030054377,15262.540028617734,14162.322121400448,18547.545
274.0,16072.837645810037,15425.661404082859,15316.531623432247,14216.091817729255,18607.175
275.0,16133.65553986754,15479.408670707124,15370.736995555191,14270.187827733385,18671.055
276.0,16194.64203190461,15533.369552943794,15425.156868125125,14324.611019120404,18740.61
277.0,16255.797589304735,15587.544775209317,15479.79196567294,14379.362254130581,18816.12
278.0,16317.122680747054,15641.935063313,15534.643014114856,14434.442389493031,18898.61
279.0,16378.617776209978,15696.541144449871,15589.710740745322,14489.852276382193,18979.355
280.0,16440.28334697477,15751.363747193545,15644.995874229786,14545.59276037461,19064.665
281.0,16502.11986562919,15806.403601488848,15700.499144597336,14601.664681405971,19146.685
282.0,16564.12780607107,15861.661438644445,15756.22128323327,14658.068873728542,19223.045
283.0,16626.30764351198,15917.137991325246,15812.163022871526,14714.806165868846,19296.235
284.0,16688.659854480873,15972.833993544808,15868.325097587012,14771.877380585645,19383.62
285.0,16751.184916827697,16028.750180657522,15924.708242787807,14829.28333482832,19445.705
286.0,16813.883309727127,16084.887289350765,15981.313195207256,14887.024839695478,19530.37
287.0,16876.755513682147,16141.246057636865,16038.140692895939,14945.102700393938,19601.475
288.0,16939.80201052782,16197.827224845014,16095.191475213549,15003.517716198026,19682.045
289.0,17003.023283434908,16254.631531613026,16152.466282820611,15062.270680409201,19762.445
290.0,17066.41981691363,16311.65971987898,16209.965857670119,15121.362380315997,19833.64
291.0,17129.99209681736,16368.912532872733,16267.690942999032,15180.793597154321,19918.42
292.0,17193.740610346314,16426.39071510736,16325.642283319667,15240.565106068068,19990.635
293.0,17257.665846051343,16484.095012370424,16383.820624410946,15300.677676070078,20054.975
294.0,17321.76829383763,16542.026171715144,16442.22671330955,15361.132070003452,20114.915
295.0,17386.048444968474,16600.18494145141,16500.861298300944,15421.929044503146,20190.5
296.0,17450.50679206902,16658.572071136758,16559.72512891024,15483.069349958023,20262.31
297.0,17515.143829130087,16717.18831156712,16618.81895589301,15544.553730473148,20347.685
298.0,17579.96005151191,16776.03441476752,16678.14353122589,15606.382923832462,20428.7
299.0,17644.955955947946,16835.111133982595,16737.69960809714,15668.557661461844,20489.725
300.0,17710.132040548677,16894.419223667046,16797.487940897012,15731.078668392474,20560.915
301.0,17775.488804805478,16953.959439475915,16857.509285208027,15793.9466632246,20638.725
302.0,17841.026749594355,17013.73253825472,16917.76439779512,15857.16235809162,20739.2
303.0,17906.74637717985,17073.739278029556,16978.254036595627,15920.726458624555,20811.205
304.0,17972.64819121887,17133.980417996943,17038.978960709206,15984.63966391686,20898.88
305.0,18038.732696764557,17194.456718513637,17099.939930387554,16048.902666489641,20979.4
306.0,18105.000400270124,17255.168941086245,17161.137707024034,16113.516152257176,21071.14
307.0,18171.451809592792,17316.117848360776,17222.57305314318,16178.480800492856,21145.23
308.0,18238.087433997644,17377.304204111995,17284.24673239004,16243.797283795466,21243.83
309.0,18304.90778416152,17438.728773232688,17346.159509519388,16309.466268055863,21330.295
310.0,18371.91337217697,17500.392321722746,17408.31215038485,16375.488412424002,21394.425
311.0,18439.10471155613,17562.295616678195,17470.705421927814,16441.86436927635,21464.53
312.0,18506.48231723471,17624.439426279998,17533.34009216627,16508.594784183675,21497.465
313.0,18574.046705575893,17686.824519782786,17596.21693018349,16575.680295879218,21544.89
314.0,18641.798394374324,17749.4516675034,17659.33670611658,16643.121536227238,21623.12
315.0,18709.73790286004,17812.321640809365,17722.700191144875,16710.91913019194,21721.39
316.0,18777.865751702528,17875.435212107164,17786.3081574782,16779.073695806794,21775.965
317.0,18846.182463014607,17938.793154830386,17850.161378345023,16847.585844144225,21837.89
318.0,18914.688560356524,18002.396243427735,17914.260627980424,16916.4561792857,21929.36
319.0,18983.384568739908,18066.245253350942,17978.606681613954,16985.6852982922,21991.87
320.0,19052.27101463182,18130.340961042457,18043.20031545733,17055.273791175103,22064.64
321.0,19121.348425958786,18194.68414392307,18108.042306691998,17125.222240867395,22140.43
322.0,19190.61733211082,18259.275580379315,18173.133433456573,17195.53122319535,22212.245
323.0,19260.07826394552,18324.11604975083,18238.47447483408,17266.201306850537,22286.72
324.0,19329.73175379211,18389.20633231747,18304.066210839115,17337.23305336228,22355.06
325.0,19399.57833545551,18454.547209286353,18369.909422404835,17408.62701707049,22419.755
326.0,19469.61854422046,18520.139462778687,18436.004891369757,17480.38374509882,22492.62
327.0,19539.85291685559,18585.983875816524,18502.353400464483,17552.503777328406,22562.36
328.0,19610.281991617572,18652.081232309334,18568.955733298233,17624.98764637177,22640.6
329.0,19680.906308255187,18718.432317040406,18635.81267434525,17697.835877547317,22704.64
330.0,19751.726408013514,18785.037915653116,18702.925008931034,17771.048988854127,22762.33
331.0,19822.74283363806,18851.898814637098,18770.293523218446,17844.627490947187,22821.58
332.0,19893.95612937893,18919.015801314177,18837.91900419364,17918.571887113016,22878.265
333.0,19965.366840994953,18986.389663824193,18905.802239651886,17992.882673245695,22953.375
334.0,20036.97551575792,19054.0211911107,18973.944018183174,18067.560337823306,23010.45
335.0,20108.782702456767,19121.91117290645,19042.345129157722,18142.605361884773,23086.665
336.0,20180.788951401744,19190.06039971879,19111.006362711312,18218.0182190071,23170.575
337.0,20252.994814428683,19258.469662814827,19179.92850973047,18293.79937528305,23272.44
338.0,20325.400844903183,19327.139754206535,19249.112361837473,18369.949289299184,23359.63
339.0,20398.007597724885,19396.071466635618,19318.558711375234,18446.468412114336,23452.015
340.0,20470.815629331708,19465.265593558277,19388.268351392024,18523.3571872385,23560.015
341.0,20543.8254977041,19534.72292912975,19458.242075626,18600.61605061211,23672.69
342.0,20617.03776236935,19604.4442681888,19528.480678489603,18678.245430585772,23772.465
343.0,20690.45298440585,19674.43040624194,19598.984955053827,18756.245747900306,23874.215
344.0,20764.071726447386,19744.68213944757,19669.755701032256,18834.61741566735,23979.565
345.0,20837.894552687496,19815.200264599887,19740.793712765015,18913.360839350244,24086.78
346.0,20911.922028883724,19885.985579112723,19812.099787202493,18992.47641674537,24190.81
347.0,20986.15472236203,19957.038881003133,19883.674721888976,19071.96453796393,24271.545
348.0,21060.593202021068,20028.360968874895,19955.51931494604,19151.825585414124,24352.685
349.0,21135.23803833661,20099.952641901757,20027.63436505585,19232.05993378372,24459.57
350.0,21210.089803365874,20171.81469981064,20100.02067144424,19312.667950023035,24546.87
351.0,21285.14907075192,20243.94794286456,20172.679033863686,19393.64999332838,24640.785
352.0,21360.416415728054,20316.353171845498,20245.610252576047,19475.006415125856,24737.235
353.0,21435.892415122224,20389.031188036948,20318.815128335194,19556.73755905559,24836.865
354.0,21511.57764736146,20461.982793206498,20392.294462369446,19638.843760956428,24927.925
355.0,21587.472692476273,20535.208789588076,20466.04905636386,19721.325348850933,25021.21
356.0,21663.57813210514,20608.709979864125,20540.079712442315,19804.182642930937,25094.37
357.0,21739.894549498946,20682.487167147534,20614.387233149468,19887.415955543358,25203.735
358.0,21816.42252952543,20756.541154963514,20688.972421432514,19971.025591176593,25283.375
359.0,21893.162658673704,20830.872747231177,20763.836080622812,20055.011846447167,25364.485
360.0,21970.115525058725,20905.482748245024,20838.97901441727,20139.3750100869,25444.01
361.0,22047.281718425817,20980.37196265623,20914.402026859643,20224.115362930446,25521.7
362.0,22124.66183015517,21055.541195453796,20990.10592232161,20309.233177903272,25609.545
363.0,22202.256453266396,21130.991251945467,21066.091505483684,20394.72872001001,25677.255
364.0,22280.066182423063,21206.72293773854,21142.359581315948,20480.60224632326,25709.575
365.0,22358.091613937235,21282.737058720446,21218.910955058636,20566.854005972804,25749.385
366.0,22436.333345774074,21359.034421039207,21295.74643220252,20653.484240135185,25846.185
367.0,22514.791977556408,21435.61583108368,21372.866818469134,20740.493182023747,25953.925
368.0,22593.468110569323,21512.482095463634,21450.272919790812,20827.8810568791,26060.465
369.0,22672.362347764763,21589.634020989688,21527.965542290556,20915.648081959924,26180.825
370.0,22751.47529376619,21667.072414653005,21605.945492261748,21003.794466534273,26300.31
371.0,22830.80755487315,21744.79808360489,21684.213576147617,21092.320411871195,26409.615
372.0,22910.359739065992,21822.811835136097,21762.770600520627,21181.22611123287,26517.05
373.0,22990.132456010477,21901.114476656126,21841.617372061613,21270.51174986705,26631.48
374.0,23070.126317062466,21979.706815672173,21920.75469753874,21360.177504999974,26759.465
375.0,23150.341935272634,22058.589659767997,22000.18338378635,21450.223545829682,26854.27
376.0,23230.779925391085,22137.76381658256,22079.90423768353,21540.650033519738,26949.535
377.0,23311.440903872186,22217.23009378856,22159.918066132603,21631.4571211933,27029.84
378.0,23392.325488879185,22296.9892990707,22240.22567603734,21722.644953927716,27110.29
379.0,23473.434300288987,22377.042240103812,22320.827874281065,21814.213668749406,27186.775
380.0,23554.767959696925,22457.38972453078,22401.72546770455,21906.16339462922,27259.2
381.0,23636.327090421488,22538.032559940355,22482.919263083702,21998.494252478173,27333.25
382.0,23718.112317509112,22618.97155384467,22564.41006710714,22091.206355143586,27416.78
383.0,23800.124267739004,22700.207513656667,22646.198686353484,22184.299807405645,27505.67
384.0,23882.363569627865,22781.741246667294,22728.28592726856,22277.774705974327,27605.26
385.0,23964.830853434803,22863.573560022534,22810.672596142373,22371.63113948678,27690.345
386.0,24047.526751166086,22945.70526070026,22893.359499085876,22465.869188505007,27763.78
387.0,24130.451896580016,23028.137155486864,22976.347442007595,22560.48892551411,27844.88
388.0,24213.6069251918,23110.87005095374,23059.637230590055,22655.49041492075,27934.985
389.0,24296.992474278413,23193.904753433595,23143.229670266002,22750.873713052097,28017.825
390.0,24380.609182883432,23277.242068996507,23227.125566194463,22846.638868155213,28086.875
391.0,24464.457691822034,23360.882803425873,23311.325723236605,22942.78592039673,28165.37
392.0,24548.538643685795,23444.827762194098,23395.83094593141,23039.31490186302,28260.385
393.0,24632.852682847704,23529.077750438188,23480.64203847115,23136.225836560658,28331.13
394.0,24717.40045546706,23613.63357293505,23565.759804676713,23233.518740417345,28413.94
395.0,24802.18260949442,23698.496034076696,23651.185047972693,23331.19362128325,28466.295
396.0,24887.199794676584,23783.665937845173,23736.91857136231,23429.25047893262,28545.585
397.0,24972.45266256156,23869.144087787405,23822.961177402136,23527.689305065895,28650.77
398.0,25057.941866503563,23954.93128698975,23909.313668176677,23626.510083312176,28742.68
399.0,25143.66806166803,24041.02833805242,23995.97684527266,23725.712789232017,28823.32
400.0,25229.631905036622,24127.436043063713,24082.951509753282,23825.297390320706,28906.805
401.0,25315.834055412262,24214.15520357402,24170.23846213208,23925.26384601184,29019.025
402.0,25402.27517342422,24301.186620569697,24257.8385023468,24025.612107681318,29098.505
403.0,25488.955921533117,24388.531094446662,24345.752429732922,24126.3421186517,29183.205
404.0,25575.876964036055,24476.189424983902,24433.981042997108,24227.45381419701,29267.8
405.0,25663.038967071676,24564.162411316727,24522.52514019038,24328.94712154773,29348.095
406.0,25750.442598625268,24652.45085190985,24611.38551868114,24430.821959896468,29442.06
407.0,25838.088528533903,24741.05554453022,24700.562975127992,24533.07824040366,29525.47
408.0,25925.977428491562,24829.9772862198,24790.058305452385,24635.715866203947,29597.525
409.0,26014.10997205427,24919.216873268022,24879.872304811022,24738.734732412693,29685.095
410.0,26102.486834645293,25008.7751011841,24970.00576756815,24842.134726133027,29760.08
411.0,26191.108693560243,25098.652764669117,25060.45948726756,24945.91572646315,29801.07
412.0,26279.976227972358,25188.850657588013,25151.23425660449,25050.077604504066,29837.72
413.0,26369.090118937667,25279.36957294129,25242.330867397264,25154.62022336769,29902.18
414.0,26458.451049400166,25370.210302836535,25333.750110558776,25259.54343818522,29953.39
415.0,26548.059704197127,25461.37363845977,25425.492776067764,25364.847096116,30004.64
416.0,26637.91677006431,25552.860370046626,25517.559652939904,25470.531036356653,30032.865
417.0,26728.022935641216,25644.6712868533,25609.951529198686,25576.595090150597,30062.26
418.0,26818.37889147638,25736.80717712732,25702.669191846133,25683.039080797935,30121.63
419.0,26908.985330032665,25829.268828078093,25795.713426833274,25789.862823665666,30204.605
420.0,26999.842945692566,25922.05702584734,25889.085019030492,25897.066126198275,30311.085
421.0,27090.95243476351,26015.172555479257,25982.78475219761,26004.648787928636,30403.185
422.0,27182.31449548324,26108.616200890498,26076.813408953836,26112.610600489326,30515.085
423.0,27273.92982802511,26202.38874484,26171.17177074746,26220.951347624225,30611.25
424.0,27365.79913450351,26296.49096889858,26265.860617825438,26329.670805200505,30709.03
425.0,27457.923118979175,26390.923653418373,26360.88072920267,26438.768741220923,30805.15
426.0,27550.302487464665,26485.687577502027,26456.23288263119,26548.24491583646,30906.355
427.0,27642.9379479297,26580.783518971755,26551.91785456912,26658.09908135936,31007.39
428.0,27735.830210306623,26676.21225433816,26647.936420149406,26768.33098227642,31088.775
429.0,27828.979986495862,26771.9745587689,26744.289353148393,26878.940355262654,31178.54
430.0,27922.38799037131,26868.071206057102,26840.977425954177,26989.926929195324,31262.825
431.0,28016.054937785884,26964.50296858968,26938.001409534856,27101.290425168256,31346.96
432.0,28109.98154657697,27061.270617315346,27035.36207340641,27213.030556506434,31455.915
433.0,28204.168536571902,27158.374921712533,27133.06018560056,27325.147028781084,31556.31
434.0,28298.616629593518,27255.81664975703,27231.096512632354,27437.639539824944,31663.785
435.0,28393.326549465695,27353.596567889515,27329.47181946757,27550.50777974788,31773.425
436.0,28488.299022018844,27451.715440982847,27428.18686948991,27663.75143095284,31851.095
437.0,28583.534775095526,27550.17403230917,27527.24242446806,27777.3701681522,31938.695
438.0,28679.034538556014,27648.97310350679,27626.639244522496,27891.363658384213,32011.93
439.0,28774.799044283856,27748.11341454699,27726.378088092108,28005.731561030057,32103.97
440.0,28870.82902619156,27847.595723700502,27826.459711900672,28120.47352783101,32200.245
441.0,28967.12522022611,27947.420787503877,27926.884870923084,28235.58920290591,32299.83
442.0,29063.688364374713,28047.5893607256,28027.654318351433,28351.078222769116,32385.91
443.0,29160.519198670394,28148.102196332122,28128.76880556087,28466.940216348525,32457.685
444.0,29257.618465197666,28248.9600454536,28230.229082075282,28583.174805004124,32550.555
445.0,29354.986908098246,28350.16365734949,28332.03589553281,28699.78160254668,32624.56
446.0,29452.62527357675,28451.71377937395,28434.189991651125,28816.76021525681,32714.87
447.0,29550.534309906376,28553.61115694103,28536.692114192538,28934.110241904342,32796.925
448.0,29648.714767434692,28655.85653348976,28639.54300492896,29051.83127376793,32888.595
449.0,29747.16739858938,28758.450650448904,28742.743403606604,29169.922894655007,32979.295
450.0,29845.892957883945,28861.394247201675,28846.294047910556,29288.38468092202,33065.365
451.0,29944.892201923554,28964.688061050176,28950.19567342911,29407.21620149493,33177.255
452.0,30044.16588941081,29068.332827179667,29054.449013617963,29526.417017890035,33281.815
453.0,30143.71478115161,29172.329278622692,29159.054799764228,29645.98668423504,33373.075
454.0,30243.539640060895,29276.678146222966,29264.013760950176,29765.92474729043,33463.08
455.0,30343.641231168556,29381.380158599095,29369.32662401691,29886.2307464711,33549.455
456.0,30444.020321625292,29486.43604210814,29474.994113527773,30006.904213868358,33629.18
457.0,30544.677680708475,29591.84652080897,29581.016951731606,30127.944674272014,33725.285
458.0,30645.614079828032,29697.61231642543,29687.39585852581,30249.351645192935,33832.715
459.0,30746.830292532417,29803.734148309344,29794.13155141924,30371.1246368858,33927.94
460.0,30848.327094514447,29910.21273340335,29901.22474549488,30493.26315237197,34017.765
461.0,30950.10526361734,30017.0487862035,30008.67615337242,30615.76668746298,34129.215
462.0,31052.165579840606,30124.243018721747,30116.486485170535,30738.63473078392,34213.915
463.0,31154.508825346056,30231.796140448223,30224.65644846909,30861.86676379732,34300.98
464.0,31257.13578446381,30339.70885831332,30333.18674827111,30985.462260827142,34379.875
465.0,31360.047243698267,30447.981876649643,30442.07808696458,31109.42068908318,34456.065
466.0,31463.24399173416,30556.615897153722,30551.331164284078,31233.74150868554,34540.32
467.0,31566.726819442614,30665.611618847644,30660.946677272234,31358.424172689527,34613.355
468.0,31670.49651988718,30774.96973804038,30770.925320240985,31483.468127110722,34676.835
469.0,31774.5538883299,30884.690948289088,30881.267784732707,31608.872810950266,34705.58
470.0,31878.89972223746,30994.775940360087,30991.974759481112,31734.637656220413,34786.785
471.0,31983.534821287227,31105.225402189826,31103.04693037203,31860.762087970346,34922.93
472.0,32088.45998737344,31216.04001884552,31214.484980404,31987.245524312257,35037.835
473.0,32193.67602461334,31327.22047248575,31326.289589648637,32114.0873764476,35141.865
474.0,32299.18373935329,31438.7674423208,31438.461435210913,32241.287048693568,35238.725
475.0,32404.983940175014,31550.6816045729,31551.00119118924,32368.84393850992,35334.74
476.0,32511.077437901768,31662.963632436215,31663.909528635348,32496.757436525906,35435.375
477.0,32617.465045604542,31775.61419603679,31777.187115514047,32625.026926567454,35539.85
478.0,32724.147578608303,31888.633962392207,31890.834616662803,32753.65178568463,35625.77
479.0,32831.12585449825,32002.023595371164,32004.85269375113,32882.6313841793,35707.135
480.0,32938.40069312607,32115.783755652847,32119.242005239885,33011.96508563296,35778.95
481.0,33045.97291661622,32229.915100686183,32234.003206340287,33141.652246934915,35870.3
482.0,33153.84334937225,32344.418284648862,32349.13694897291,33271.69221831042,35960.935
483.0,33262.01281808307,32459.29395840631,32464.64388172642,33402.08434334937,36057.505
484.0,33370.48215172936,32574.542769470387,32580.524649816172,33532.8279590349,36139.48
485.0,33479.25218158984,32690.16536195803,32696.779895042688,33663.92239577238,36221.33
486.0,33588.32374124772,32806.16237654964,32813.41025574995,33795.36697741856,36312.575
487.0,33697.697666597014,32922.53445044747,32930.416366783546,33927.16102131088,36399.795
488.0,33807.374795849006,33039.28221733365,33047.79885944863,34059.303838297004,36485.08
489.0,33917.355969538636,33156.40630732829,33165.5583614678,34191.794732764596,36577.59
490.0,34027.64203053097,33273.90734694721,33283.69549693881,34324.633002671224,36655.38
491.0,34138.233824027644,33391.78595905976,33402.210886292014,34457.817939574525,36730.905
492.0,34249.13219757333,33510.04276284624,33521.10514624788,34591.34882866249,36837.92
493.0,34360.33800106226,33628.67837375543,33640.378889774154,34725.22494878396,36928.035
494.0,34471.85208674469,33747.693403461766,33760.032726043,34859.44557247931,37003.475
495.0,34583.67530923353,33867.0884598225,33880.067260387994,34994.00996601136,37086.955
496.0,34695.80852551075,33986.86414683471,34000.48309426089,35128.91738939645,37155.02
497.0,34808.25259493408,34107.02106459206,34121.280825188325,35264.16709643558,37236.93
498.0,34921.00837924353,34227.55980924163,34242.46104672841,35399.758334745915,37330.18
499.0,35034.076742567995,34348.48097294041,34364.02434842707,35535.69034579226,37406.25
500.0,35147.45855143191,34469.78514381176,34485.97131577439,35671.9623649189,37506.4
501.0,35261.15467476183,34591.472905901726,34608.302530160705,35808.57362138151,37591.43
502.0,35375.16598389315,34713.544839135284,34731.01856883267,35945.523338379164,37675.095
503.0,35489.493352576814,34836.00151927228,34854.12000484912,36082.81073308666,37760.0
504.0,35604.13765698585,34958.8435178635,34977.60740703683,36220.43501668691,37839.205
505.0,35719.09977572227,35082.071402206355,35101.48133994615,36358.39539440341,37932.26
506.0,35834.380589823726,35205.68573530068,35225.74236380653,36496.691065533145,38007.68
507.0,35949.98098277023,35329.687075804206,35350.39103448193,36635.3212234793,38095.335
508.0,36065.90184049097,35454.07597798809,35475.42790342605,36774.28505578436,38179.395
509.0,36182.14405137109,35578.85299169221,35600.85351763754,36913.58174416327,38246.98
510.0,36298.7085062585,35704.01866228041,35726.668419615,37053.21046453672,38323.625
511.0,36415.59609847068,35829.573530595575,35852.87314731193,37193.17038706466,38413.93
512.0,36532.80772380156,35955.5181329147,35979.46823409157,37333.46067617985,38488.685
513.0,36650.34428052837,36081.8530009037,36106.454208681556,37474.08049062164,38589.73
514.0,36768.20666941852,36208.57866157228,36233.83159512858,37615.02898346985,38663.93
515.0,36886.39579373649,36335.695637228564,36361.60091275286,37756.30530217872,38739.005
516.0,37004.912559250806,36463.204445433745,36489.762676102546,37897.90858861111,38816.665
517.0,37123.75787424092,36591.10559895647,36618.31739490804,38039.83797907277,38892.8
518.0,37242.93264950418,36719.39960572737,36747.265574036144,38182.092604346675,38968.25
519.0,37362.43779836288,36848.08696879321,36876.60771344423,38324.67158972762,39028.53
520.0,37482.274236671125,36977.16818627124,37006.34430813419,38467.57405505683,39092.84
521.0,37602.44288282201,37106.643751303185,37136.47584810642,38610.799114756686,39135.545
522.0,37722.944657754546,37236.51415200937,37267.0028183136,38754.34587786566,39192.585
523.0,37843.78048496073,37366.779871442595,37397.92569861448,38898.213448073235,39264.08
524.0,37964.95129049265,37497.44138754208,37529.24496372751,39042.40092375511,39370.685
525.0,38086.45800296963,37628.49917308714,37660.961083184484,39186.907398008305,39434.135
526.0,38208.301553585196,37759.95369565099,37793.07452128396,39331.73195868655,39530.135
527.0,38330.482876114394,37891.80541755435,37925.58573704477,39476.87368843569,39611.73
528.0,38453.002906920796,38024.054795818956,38058.49518415931,39622.33166472914,39685.96
529.0,38575.86258496378,38156.70228212114,38191.803310946874,39768.104959903685,39765.24
530.0,38699.062851805684,38289.74832274516,38325.510560306866,39914.19264119497,39847.715
531.0,38822.604651619,38423.193358536635,38459.61736967193,40060.59377077355,39926.755
532.0,38946.48893119364,38557.03782485581,38594.12417096105,40207.30740578064,39987.615
533.0,39070.71663994421,38691.2821515308,38729.031390532575,40354.33259836413,40058.53
534.0,39195.28872991723,38825.926762810785,38864.33944913721,40501.6683957148,40135.31
535.0,39320.20615579846,38960.97207731911,39000.04876187093,40649.31384010233,40204.55
536.0,39445.46987492028,39096.41850800639,39136.15973812781,40797.26796891171,40260.21
537.0,39571.08084726887,39232.266462103595,39272.672781552894,40945.52981467942,40320.495
538.0,39697.04003549174,39368.51634107491,39409.58828999496,41094.09840513004,40378.98
539.0,39823.34840490497,39505.168540570805,39546.90665545917,41242.97276321254,40454.735
540.0,39950.00692350072,39642.22345038089,39684.62826405992,41392.151907137035,40508.865
541.0,40077.01656195457,39779.68145438678,39822.75349597332,41541.634850411276,40598.605
542.0,40204.37829363298,39917.54293051497,39961.282725389916,41691.4206018775,40661.955
543.0,40332.093094600765,40055.80825068959,40100.216320467254,41841.508165749095,40723.865
544.0,40460.16194362856,40194.47778078526,40239.554643282434,41991.89654164749,40807.32
545.0,40588.58582220032,40333.5518805798,40379.29804978463,42142.584724639084,40886.315
546.0,40717.36571452087,40473.03090370695,40519.44688974764,42293.571705272196,40946.435
547.0,40846.50260752339,40612.915197609174,40660.001506722365,42444.85646961405,40997.315
548.0,40975.99749087705,40753.20510349026,40800.96223798927,42596.43799928797,41082.265
549.0,41105.851356994535,40893.900956268124,40942.329414510874,42748.315271510386,41159.61
550.0,41236.065201039666,41035.003084527394,41084.1033608842,42900.48725912811,41241.97
551.0,41366.64002093507,41176.51181047219,41226.28439529321,43052.95293065554,41319.68
552.0,41497.57681736976,41318.427449878734,41368.87282946132,43205.71125031198,41388.81
553.0,41628.87659380684,41460.75031204809,41511.868968603754,43358.761178058914,41468.26
554.0,41760.54035649122,41603.48069975879,41655.2731113801,43512.101669637465,41530.475
555.0,41892.56911445726,41746.618909219615,41799.08554984669,43665.73167660575,41608.66
556.0,42024.96387953656,41890.16523002223,41943.30656940916,43819.6501463763,41683.645
557.0,42157.72566636572,42034.11994509395,42087.936448774846,43973.85602225369,41765.29
558.0,42290.855492394025,42178.4833306505,42232.975459905385,44128.34824347192,41854.02
559.0,42424.35437789138,42323.25565614876,42378.42386796916,44283.12574523205,41934.07
560.0,42558.223345956045,42468.43718423954,42524.28193129396,44438.187458739834,42023.355
561.0,42692.46342252245,42614.02817072046,42670.549901319435,44593.53231124318,42108.13
562.0,42827.07563636915,42760.02886448877,42817.22802254985,44749.15922606997,42184.86
563.0,42962.06101912661,42906.43950749425,42964.316532506644,44905.06712266565,42263.945
564.0,43097.42060528518,43053.260334692175,43111.81566168114,45061.254916630925,42346.305
565.0,43233.155432203,43200.49157399623,43259.72563348734,45217.721519759456,42432.61
566.0,43369.266540113975,43348.13344623164,43408.04666421463,45374.465840075674,42519.785
567.0,43505.754972135655,43496.18616508813,43556.778962980665,45531.48678187237,42594.21
568.0,43642.62177427738,43644.64993707317,43705.922731684266,45688.78324574863,42675.375
569.0,43779.867995448134,43793.5249614651,43855.478164958346,45846.35412864748,42742.865
570.0,43917.494687464714,43942.81143026643,44005.44545012291,46004.19832389374,42822.27
571.0,44055.502905059744,44092.509528157134,44155.82476713821,46162.31472123182,42890.64
572.0,44193.89370588971,44242.61943244808,44306.61628855778,46320.702206863425,42942.18
573.0,44332.66815054316,44393.14131303446,44457.82017948174,46479.35966348544,42969.775
574.0,44471.827302548736,44544.07533234937,44609.4365975101,46638.28597032774,43004.555
575.0,44611.37222838339,44695.421645317445,44761.46569269611,46797.48000319096,43073.875
576.0,44751.303997480565,44847.18039930857,44913.907607499714,46956.9406344843,43163.38
577.0,44891.623682238285,44999.35173409166,45066.76247674118,47116.66673326333,43253.215
578.0,45032.33235802755,45151.93578178864,45220.03042755471,47276.65716526777,43337.715
579.0,45173.43110320042,45304.93266682837,45373.71157934217,47436.9107929593,43411.92
580.0,45314.92099909832,45458.342505900786,45527.806043726996,47597.426475559325,43490.15
581.0,45456.8031300604,45612.16540791111,45682.31392450812,47758.203069086754,43561.4
582.0,45599.078583431765,45766.4014739342,45837.2353176141,47919.23942639572,43629.13
583.0,45741.74844957182,45921.05079716891,45992.5703110572,48080.53439721337,43709.94
584.0,45884.813821862655,46076.11346289277,46148.318984887796,48242.086828177504,43778.99
585.0,46028.275796717426,46231.58954841654,46304.481411148794,48403.895562874364,43861.185
586.0,46172.135473588685,46387.47912303912,46461.05765383015,48565.95944187631,43933.45
587.0,46316.39395497692,46543.78224800242,46618.047768823584,48728.27730277939,43997.81
588.0,46461.05234643891,46700.49897644651,46775.4518038774,48890.84798024112,44084.595
589.0,46606.11175659626,46857.62935336476,46933.269798551424,49053.67030601792,44148.985
590.0,46751.573297143856,47015.17341555926,47091.501784172215,49216.743109002884,44224.565
591.0,46897.438082858374,47173.131191596316,47250.14778378822,49380.06521526321,44302.67
592.0,47043.707231606895,47331.50270176211,47409.20781212523,49543.635448077766,44372.235
593.0,47190.38186435541,47490.287958018554,47568.681875541966,49707.452627974584,44459.72
594.0,47337.463105177405,47649.486963959214,47728.569971985795,49871.51557276833,44542.555
595.0,47484.95208126252,47809.09971476554,47888.87209094863,50035.82309759766,44610.32
596.0,47632.84992292516,47969.12619716315,48049.58821342305,50200.3740149627,44700.06
597.0,47781.157763613155,48129.566389378284,48210.718311858465,50365.16713476233,44769.415
598.0,47929.876739916464,48290.42026109461,48372.26235011766,50530.20126433148,44855.25
599.0,48079.00799157585,48451.68777340997,48534.220283433286,50695.47520847849,44933.205
600.0,48228.55266149167,48613.36887879349,48696.592058364775,50860.987769522195,45000.075
601.0,48378.5118957326,48775.463521042824,48859.37761275528,51026.73774732914,45085.01
602.0,48528.88684354439,48937.97163524157,49022.5768756889,51192.723939350784,45157.445
603.0,48679.67865735873,49100.893147717,49186.18976744805,51358.94514066046,45244.26
604.0,48830.888492802085,49264.22797599776,49350.2161994711,51525.40014399048,45324.26
605.0,48982.51750870444,49427.976028772166,49514.656074310216,51692.087739769115,45419.865
606.0,49134.56686710833,49592.137205846266,49679.50928558932,51859.0067161574,45508.865
607.0,49287.03773327765,49756.71139810249,49844.77571796248,52026.15585908615,45577.5
608.0,49439.93127570662,49921.69848745831,50010.455247072285,52193.53395229268,45649.55
609.0,49593.248666128755,50087.098346825245,50176.547739508576,52361.139777357566,45750.57
610.0,49746.99107952575,50252.910840068056,50343.0530527675,52528.97211374134,45831.07
611.0,49901.15969413665,50419.13582196415,50509.97103521062,52697.029738821184,45909.305
612.0,50055.755691466744,50585.773138163284,50677.30152602438,52865.3114279273,46015.66
613.0,50210.78025629663,50752.82262514753,50845.04435517975,53033.81595437965,46092.915
614.0,50366.234576691386,50920.2841101914,51013.19934339232,53202.5420895243,46164.405
615.0,50522.119844009605,51088.157411322354,51181.766302082346,53371.48860276969,46239.505
616.0,50678.437252912496,51256.44233728142,51350.7450333353,53540.6542616231,46323.745
617.0,50835.18800137315,51425.138687484294,51520.13532986263,53710.03783172679,46396.43
618.0,50992.37329068555,51594.246251982506,51689.93697496272,53879.638076894116,46463.12
619.0,51149.994325473985,51763.76481142494,51860.14974248225,54049.453759145734,46538.08
620.0,51308.05231370214,51933.69413701971,52030.77339677773,54219.483638745536,46603.675
621.0,51466.54846668234,52104.03399049619,52201.80769267741,54389.72647423661,46679.235
622.0,51625.48399908495,52274.78412406747,52373.25237544334,54560.18102247708,46748.635
623.0,51784.860128947585,52445.94428039297,52545.10718073405,54730.846038675925,46828.075
624.0,51944.678077684475,52617.51419254153,52717.37183456708,54901.72027642865,46891.73
625.0,52104.93907009584,52789.49358395457,52890.04605328216,55072.802487752924,46926.37
626.0,52265.64433437725,52961.88216840988,53063.129543504634,55244.09142312414,46963.37
627.0,52426.79510212905,53134.67964998534,53236.62200210913,55415.585831510805,47046.64
628.0,52588.39260836582,53307.88572302333,53410.52311618352,55587.28446041004,47138.925
629.0,52750.43809152579,53481.50007209521,53584.832562993375,55759.18605588271,47233.44
630.0,52912.93279348039,53655.522371966275,53759.55000994666,55931.28936258876,47324.305
631.0,53075.877959543715,53829.952287560955,53934.67511455868,56103.593123822226,47396.955
632.0,53239.274838482095,54004.78947392843,54110.20752441752,56276.096081546355,47464.235
633.0,53403.12468252366,54180.03357620853,54286.1468771497,56448.79697642849,47523.445
634.0,53567.42874736797,54355.684229598024,54462.492800386346,56621.69454787485,47596.905
635.0,53732.18829219555,54531.741059317224,54639.2449117295,56794.787534065385,47666.635
636.0,53897.40457967765,54708.20368057704,54816.402818718976,56968.07467198836,47730.945
637.0,54063.078875985826,54885.071698546264,54993.966118799566,57141.554697474996,47804.88
638.0,54229.212450801715,55062.34470831935,55171.93439928846,57315.22634523379,47875.115
639.0,54395.806577326744,55240.022294884475,55350.30723734321,57489.08834888504,47946.61
640.0,54562.86253229183,55418.10403309205,55529.084199930054,57663.13944099496,48028.27
641.0,54730.38159596726,55596.58948762355,55708.264843792545,57837.37835310999,48105.83
642.0,54898.36505217247,55775.47821296082,55887.848715420616,58011.803815790765,48163.08
643.0,55066.814188285796,55954.76975335567,56067.83535102008,58186.414558646116,48246.345
644.0,55235.7302952545,56134.46364279997,56248.224276482484,58361.209310366925,48328.81
645.0,55405.114667604554,56314.55940499606,56429.01500735537,58536.186798759896,48407.54
646.0,55574.96860345053,56495.056553327624,56610.20704881297,58711.345750781154,48497.57
647.0,55745.2934045057,56675.954590830974,56791.7998956273,58886.68489256988,48587.53
648.0,55916.0903760918,56857.25301016674,56973.79303213973,59062.20294948167,48707.625
649.0,56087.36082714926,57038.95129359194,57156.18593223282,59237.89864612193,48767.635
650.0,56259.10607024708,57221.04891293262,57338.97805930284,59413.770706379044,48853.94
651.0,56431.327421592905,57403.5453295567,57522.16886623249,59589.8178534575,48941.31
652.0,56604.026201043176,57586.4399943475,57705.75779536417,59766.038809910955,49028.945
653.0,56777.20373211322,57769.73234767752,57889.744278473736,59942.43229767502,49105.965
654.0,56950.86134198733,57953.421819382755,58074.127736744565,60118.99703810014,49192.43
655.0,57125.00036152906,58137.50782873751,58258.90758074225,60295.731751984174,49270.07
656.0,57299.6221252913,58321.98978442949,58444.08321038959,60472.635159605015,49356.395
657.0,57474.727971526554,58506.86708453559,58629.65401494215,60649.70598075292,49466.285
658.0,57650.31924219727,58692.139116497936,58815.619372964306,60826.94293476299,49549.045
659.0,57826.39728298594,58877.80525710055,59001.97865230562,61004.344740547225,49648.255
660.0,58002.963443305634,59063.86487244638,59188.73121007791,61181.910116626685,49769.025
661.0,58180.019076310185,59250.317317934925,59375.87639263258,61359.6377811634,49891.33
662.0,58357.565538904586,59437.161938240206,59563.41353553862,61537.52645199231,50016.46
663.0,58535.60419175547,59624.39806728936,59751.34196356096,61715.5748466528,50136.44
664.0,58714.13639930143,59812.02502824161,59939.660990639444,61893.78168242055,50234.91
665.0,58893.16352976354,60000.04213346783,60128.36991986819,62072.145676338834,50324.78
666.0,59072.686955155834,60188.44868453056,60317.468043475565,62250.66554524996,50419.385
667.0,59252.7080512958,60377.24397216451,60506.95464280458,62429.34000582645,50547.075
668.0,59433.228197814926,60566.42727625767,60696.82898829384,62608.1677746022,50674.12
669.0,59614.248778169334,60755.997865832775,60887.09033945904,62787.14756800342,50789.3
670.0,59795.771179650255,60945.95499902946,61077.73794487494,62966.27810237955,50920.215
671.0,59977.796793394795,61136.29792308685,61268.77104215788,63145.55809403394,51067.325
672.0,60160.327014396535,61327.02587432667,61460.18885794885,63324.986259254496,51208.505
673.0,60343.363241516185,61518.13807813692,61651.99060789708,63504.56131434412,51318.47
674.0,60526.90687749238,61709.6337489561,61844.17549664419,63684.281975651036,51498.725
675.0,60710.959328952405,61901.51209025793,62036.74271780882,63864.14695959911,51677.86
676.0,60895.52200642291,62093.77229453664,62229.69145397194,64044.15498271784,51820.945
677.0,61080.59632434085,62286.413543292845,62423.02087666258,64224.30476167238,51922.44
678.0,61266.18370106416,62479.43500701992,62616.73014634423,64404.59501329334,52038.345
679.0,61452.28555888281,62672.83584519094,62810.81841240169,64585.024454606435,52229.745
680.0,61638.90332402957,62866.61520624622,63005.284813128594,64765.59180286214,52389.105
681.0,61826.038426690924,63060.77222758143,63200.128475715464,64946.29577556507,52562.0
682.0,62013.69230101818,63255.30603553619,63395.34851623832,65127.13509050326,52737.535
683.0,62201.86638513833,63450.21574538334,63590.94403964792,65308.10846577737,52920.405
684.0,62390.56212116507,63645.50046131874,63786.91413975947,65489.21461982972,53104.455
685.0,62579.780955209964,63841.15927645169,63983.25789924317,65670.45227147307,53270.58
686.0,62769.52433739336,64037.19127279587,64179.974389614996,65851.82013991958,53473.65
687.0,62959.79372185569,64233.59552126095,64377.0626712284,66033.31694480922,53653.735
688.0,63150.5905667685,64430.37108164471,64574.52179326645,66214.94140623837,53883.925
689.0,63341.91633434557,64627.5170026259,64772.35079373461,66396.69224478817,54094.17
690.0,63533.77249085429,64825.0323217575,64970.548699454084,66578.56818155269,54307.125
691.0,63726.16050662678,65022.91606546075,65169.114526055855,66760.56793816696,54493.89
692.0,63919.081856071134,65221.16724901972,65368.04727797532,66942.69023683501,54647.705
693.0,64112.53801768282,65419.78487657654,65567.34594844744,67124.93380035763,54852.76
694.0,64306.53047405594,65618.76794112715,65767.00951950265,67307.29735215992,55046.16
695.0,64501.06071189458,65818.11542451782,65967.03696196336,67489.77961631892,55251.37
696.0,64696.130222024294,66017.82629744212,66167.42723544099,67672.37931759091,55466.46
697.0,64891.740499403415,66217.89951943868,66368.17928833379,67855.09518143872,55751.085
698.0,65087.893043134565,66418.33403888946,66569.29205782518,68037.9259340587,55997.34
699.0,65284.58935647622,66619.12879301874,66770.76446988278,68220.87030240783,56256.165
700.0,65481.830946854054,66820.28270789265,66972.59543925805,68403.92701423027,56531.945
701.0,65679.61932587266,67021.79469841949,67174.78386948668,68587.09479808438,56706.0
702.0,65877.95600932704,67223.66366835052,67377.32865288944,68770.37238336887,57059.15
703.0,66076.84251721423,67425.88851028151,67580.22867057392,68953.75850034948,57303.52
704.0,66276.28037374502,67628.46810565497,67783.48279243668,69137.25188018492,57590.975
705.0,66476.27110735554,67831.40132476288,67987.0898771663,69320.85125495328,57878.91
706.0,66676.816250719,68034.6870267502,68191.0487722469,69504.55535767769,58233.335
707.0,66877.91734075754,68238.32405961906,68395.35831396237,69688.3629223523,58549.41
708.0,67079.5759186538,68442.31126023353,68600.01732740144,69872.27268396784,58797.305
709.0,67281.79352986296,68646.64745432508,68805.02462646313,70056.28337853719,59110.56
710.0,67484.5717241244,68851.33145649874,69010.37901386312,70240.39374312067,59424.05
711.0,67687.91205547367,69056.36207023982,69216.07928114069,70424.60251585134,59738.39
712.0,67891.81608225442,69261.73808792158,69422.12420866633,70608.90843596002,60030.0
713.0,68096.28536713026,69467.45829081317,69628.51256565007,70793.3102438002,60354.315
714.0,68301.32147709678,69673.52144908861,69835.2431101505,70977.80668087286,60685.62
715.0,68506.92598349361,69879.92632183625,70042.31458908445,71162.39648985115,61017.79
716.0,68713.10046201634,70086.67165706898,70249.72573823734,71347.0784146047,61332.07
717.0,68919.84649272873,70293.75619173508,70457.4752822743,71531.85120022413,61632.74
718.0,69127.16566007475,70501.17865172988,70665.56193475192,71716.71359304519,61987.13
719.0,69335.05955289067,70708.9377519079,70873.9843981308,71901.66434067275,62319.935
720.0,69543.52976441734,70917.03219609593,71082.7413637885,72086.70219200474,62617.935
721.0,69752.5778923124,71125.46067710659,71291.83151203366,72271.82589725591,63136.775
722.0,69962.20553866237,71334.22187675274,71501.25351212041,72457.03420798143,63540.02
723.0,70172.41430999516,71543.31446586242,71711.00602226373,72642.32587710026,63925.275
724.0,70383.20581729215,71752.73710429475,71921.08768965537,72827.69965891851,64349.71
725.0,70594.58167600073,71962.48844095624,72131.49715048062,73013.15430915265,64832.45
726.0,70806.54350604654,72172.56711381803,72342.23302993567,73198.68858495241,65214.575
727.0,71019.09293184598,72382.97174993371,72553.29394224579,73384.3012449237,65613.78
728.0,71232.23158231862,72593.70096545787,72764.67849068402,73569.99104915126,66065.02
729.0,71445.96109089963,72804.75336566541,72976.38526759091,73755.75675922132,66468.86
730.0,71660.28309555241,73016.1275449715,73188.41285439473,73941.59713824384,66906.69
731.0,71875.19923878105,73227.8220869523,73400.75982163237,74127.51095087497,67346.245
732.0,72090.71116764298,73439.83556436637,73613.42472897116,74313.49696333896,67847.12
733.0,72306.8205337616,73652.16653917672,73826.40612523128,74499.55394345027,68373.175
734.0,72523.52899333874,73864.81356257376,74039.70254840888,74685.68066063538,68794.92
735.0,72740.83820716772,74077.77517499885,74253.31252570004,74871.87588595427,69171.165
736.0,72958.74984064576,74291.04990616844,74467.23457352529,75058.13839212217,69685.765
737.0,73177.26556378686,74504.63627509926,74681.467197555,75244.46695353065,70204.145
738.0,73396.38705123463,74718.53279013385,74896.00889273548,75430.86034626915,70632.985
739.0,73616.1159822751,74932.73794896714,75110.85814331567,75617.31734814585,71127.395
740.0,73836.45404084951,75147.25023867354,75326.01342287473,75803.83673870855,71583.335
741.0,74057.40291556733,75362.06813573487,75541.47319435037,75990.41729926545,72057.94
742.0,74278.96429971915,75577.19010606881,75757.23591006767,76177.05781290593,72493.455
743.0,74501.13989128967,75792.61460505848,75973.3000117689,76363.75706452079,72962.65
744.0,74723.93139297074,76008.34007758225,76189.66393064398,76550.51384082274,73418.89
745.0,74947.34051217424,76224.3649580447,76406.3260873616,76737.32693036637,73947.52
746.0,75171.36896104545,76440.68767040799,76623.28489210116,76924.19512356838,74331.6
747.0,75396.0184564759,76657.30662822412,76840.53874458549,77111.11721272723,74776.005
748.0,75621.29072011677,76874.22023466796,77058.08603411408,77298.0919920431,75240.355
749.0,75847.1874783919,77091.42688257078,77275.92513959733,77485.11825763716,75662.78
750.0,76073.71046251101,77308.9249544548,77494.05442959134,77672.19480757127,76222.445
751.0,76300.86140848315,77526.71282256822,77712.4722623335,77859.32044186705,76707.485
752.0,76528.64205712984,77744.78884892109,77931.17698577874,78046.49396252507,77108.24
753.0,76757.05415409851,77963.15138532191,78150.16693763675,78233.71417354379,77633.115
754.0,76986.09944987578,78181.79877341488,78369.44044540958,78420.97988093848,78108.925
755.0,77215.77969980102,78400.72934471801,78588.99582643018,78608.2898927597,78614.255
756.0,77446.09666407954,78619.94142066177,78808.83138790178,78795.643019112,79068.855
757.0,77677.0521077964,78839.43331262861,79028.94542693767,78983.0380721722,79569.895
758.0,77908.64780092974,79059.20332199316,79249.33623060207,79170.47386620758,80087.1
759.0,78140.88551836442,79279.24974016316,79470.00207595146,79357.94921759408,80578.145
760.0,78373.76703990558,79499.57084862098,79690.9412300768,79545.46294483411,81105.865
761.0,78607.29415029226,79720.16491896613,79912.15195014633,79733.0138685744,81564.64
762.0,78841.46863921113,79941.03021295823,80133.63248344939,79920.60081162353,82000.655
763.0,79076.29230131023,80162.16498256086,80355.38106744045,80108.22259896956,82514.64
764.0,79311.76693621263,80383.567469986,80577.39592978453,80295.87805779718,82977.745
765.0,79547.89434853033,80605.23590773935,80799.67528840275,80483.5660175051,83502.825
766.0,79784.67634787799,80827.16851866613,81022.21735151888,80671.28530972291,84027.07
767.0,80022.11474888684,81049.36351599787,81245.02031770663,80859.03476832807,84496.44
768.0,80260.2113712186,81271.81910339968,81468.08237593764,81046.81322946268,85076.525
769.0,80498.9680395794,81494.53347501835,81691.40170563004,81234.61953154992,85520.33
770.0,80738.38658373382,81717.50481553112,81914.97647669786,81422.4525153107,86122.62
771.0,80978.46883851892,81940.73130019514,82138.80484960122,81610.3110237798,86572.635
772.0,81219.21664385803,82164.21109489775,82362.88497539706,81798.19390232215,87084.545
773.0,81460.63184477533,82387.9423562072,82587.21499579072,81986.09999864871,87569.1
774.0,81702.7162914096,82611.92323142444,82811.79304318805,82174.02816283258,88046.495
775.0,81945.47183902854,82836.15185863525,83036.61724074857,82361.97724732436,88459.68
776.0,82188.90034804305,83060.62636676324,83261.68570243887,82549.94610696798,88978.7
777.0,82433.00368402139,83285.34487562369,83486.99653308709,82737.93359901616,89444.365
778.0,82677.78371770338,83510.30549597768,83712.54782843798,82925.93858314544,89824.785
779.0,82923.24232501503,83735.50632958725,83938.33767520849,83113.95992147163,90279.03
780.0,83169.38138708271,83960.94546927128,84164.36415114444,83301.99647856454,90748.115
781.0,83416.20279024757,84186.62099896165,84390.6253250774,83490.04712146305,91179.49
782.0,83663.70842608006,84412.53099376053,84617.11925698261,83678.11071968958,91594.845
783.0,83911.90019139432,84638.67351999818,84843.84399803758,83866.18614526492,91992.74
784.0,84160.77998826293,84865.04663529126,85070.7975906811,84054.27227272245,92458.755
785.0,84410.34972403123,85091.64838860209,85297.97806867315,84242.36797912247,92880.87
786.0,84660.61131133215,85318.47682029843,85525.38345715552,84430.47214406639,93362.2
787.0,84911.56666810071,85545.5299622139,85753.01177271291,84618.5836497106,93794.58
788.0,85163.21771758885,85772.80583770918,85980.86102343492,84806.70138078052,94230.93
789.0,85415.56638838004,86000.30246173372,86208.92920897849,84994.8242245841,94638.23
790.0,85668.61461440414,86228.01784088826,86437.21432063119,85182.95107102548,95000.86
791.0,85922.36433495226,86455.9499734879,86665.71434137507,85371.08081261849,95331.98
792.0,86176.81749469151,86684.0968496258,86894.42724595118,85559.21234449965,95685.395
793.0,86431.97604368,86912.45645123765,87123.3510009248,85747.3445644418,95994.955
794.0,86687.84193738167,87141.02675216668,87352.48356475112,85935.47637286657,96412.71
795.0,86944.41713668146,87369.8057182293,87581.822887842,86123.60667285763,96709.005
796.0,87201.70360790016,87598.79130728146,87811.36691263271,86311.73437017322,97042.975
797.0,87459.70332280958,87827.9814692855,88041.11357365006,86499.85837325882,97327.89
798.0,87718.41825864767,88057.37414637784,88271.0607975805,86687.97759325957,97606.705
799.0,87977.8503981335,88286.96727293705,88501.20650333932,86876.09094403248,97858.615
800.0,88238.0017294827,88516.75877565272,88731.54860214017,87064.19734215885,98127.495
801.0,88498.87424642255,88746.74657359479,88962.08499756538,87252.295706956,98370.965
802.0,88760.46994820735,88976.92857828371,89192.81358563682,87440.38496048938,98546.76
803.0,89022.7908396336,89207.30269376095,89423.73225488739,87628.46402758424,98726.41
804.0,89285.83893105556,89437.86681666026,89654.83888643315,87816.53183583723,98903.4
805.0,89549.6162384004,89668.6188362795,89886.1313540459,88004.58731562798,99098.24
806.0,89814.12478318388,89899.55663465305,90117.60752422657,88192.6294001303,99298.185
807.0,90079.36659252582,90130.67808662484,90349.26525627913,88380.65702532354,99461.32
808.0,90345.34369916547,90361.98105992189,90581.10240238495,88568.66913000357,99645.075
809.0,90612.05814147732,90593.46341522843,90813.1168076779,88756.66465579375,99836.215
810.0,90879.51196348638,90825.12300626069,91045.30631032007,88944.6425471557,99963.05
811.0,91147.70721488426,91056.95767984218,91277.6687415778,89132.60175140013,100142.84
812.0,91416.64595104459,91288.96527597954,91510.20192589855,89320.54121869712,100256.885
813.0,91686.33023303893,91521.14362793892,91742.90368098827,89508.45990208673,100366.345
814.0,91956.76212765239,91753.49056232293,91975.77181788914,89696.3567574893,100491.545
815.0,92227.94370739973,91986.00389914817,92208.80414105816,89884.23074371528,100614.975
816.0,92499.87705054085,92218.68145192332,92441.99844844604,90072.08082247563,100710.355
817.0,92772.56424109716,92451.52102772756,92675.3525315767,90259.90595839152,100820.875
818.0,93046.00736886729,92684.52042728981,92908.86417562737,90447.70511900407,100942.535
819.0,93320.20852944313,92917.67744506829,93142.53115950918,90635.47727478392,101051.51
820.0,93595.169824226,93150.9898693307,93376.35125594813,90823.22139914078,101141.05
821.0,93870.89336044255,93384.45548223483,93610.32223156694,91010.93646843286,101212.56
822.0,94147.38125116115,93618.07205990965,93844.4418469669,91198.62146197597,101282.985
823.0,94424.6356153079,93851.83737253712,94078.70785681071,91386.27536205266,101374.82
824.0,94702.65857768297,94085.7491844342,94313.11800990546,91573.89715392116,101466.85
825.0,94981.45226897688,94319.80525413554,94547.6700492864,91761.48582582435,101559.53
826.0,95261.01882578677,94554.00333447653,94782.36171230086,91949.04036899825,101660.525
827.0,95541.36039063273,94788.34117267694,95017.1907306929,92136.55977768084,101738.615
828.0,95822.47911197446,95022.81651042501,95252.15483068844,92324.04304912032,101831.76
829.0,96104.37714422744,95257.42708396178,95487.25173308066,92511.48918358356,101883.205
830.0,96387.05664777962,95492.1706241663,95722.47915331599,92698.89718436432,101950.275
831.0,96670.51978900797,95727.04485664079,95957.83480158058,92886.26605779125,102031.455
832.0,96954.76874029491,95962.04750179671,96193.31638288718,93073.59481323589,102086.715
833.0,97239.8056800452,96197.17627494091,96428.92159716239,93260.8824631205,102124.14
834.0,97525.6327927025,96432.4288863624,96664.64813933437,93448.12802292578,102155.47
835.0,97812.25226876614,96667.80304141947,96900.49369942112,93635.33051119841,102203.3
836.0,98099.6663048079,96903.29644062727,97136.45596261899,93822.48894955858,102278.515
837.0,98387.87710348888,97138.90677974568,97372.53260939167,94009.60236270729,102361.51
838.0,98676.88687357621,97374.63174986778,97608.72131555954,94196.66977843348,102440.87
839.0,98966.69782996023,97610.46903750856,97845.01975238965,94383.69022762141,102497.48
840.0,99257.31219367137,97846.416324694,98081.42558668567,94570.66274425719,102558.715
841.0,99548.7321918971,98082.47128905063,98317.93648087852,94757.58636543606,102621.715
842.0,99840.9600579991,98318.63160389545,98554.55009311745,94944.46013136889,102694.31
843.0,100133.99803153018,98554.89493832616,98791.26407736113,95131.28308538883,102762.78
844.0,100427.84835825175,98791.25895731171,99028.0760834695,95318.05427395788,102849.935
845.0,100722.51329015079,99027.72132178332,99264.98375729566,95504.77274667314,102940.35
846.0,101017.99508545722,99264.27968872577,99501.98474077827,95691.43755627322,103019.145
847.0,101314.29600866119,99500.93171126909,99739.07667203431,95878.04775864421,103086.42
848.0,101611.41833053029,99737.67503878036,99976.25718545202,96064.60241282589,103163.52
849.0,101909.36432812725,99974.50731695615,100213.5239117843,96251.10058101744,103252.975
850.0,102208.13628482711,100211.4261879151,100450.87447824233,96437.54132858341,103346.9
851.0,102507.7364903349,100448.42929029073,100688.30650858965,96623.92372405925,103431.45
852.0,102808.16724070309,100685.51425932471,100925.81762323632,96810.24683915696,103512.115
853.0,103109.4308383492,100922.67872696037,101163.40543933347,96996.50974877054,103600.945
854.0,103411.52959207345,101159.92032193637,101401.06757086827,97182.71153098127,103684.315
855.0,103714.46581707647,101397.23666988082,101638.80162875893,97368.85126706291,103773.24
856.0,104018.24183497709,101634.62539340559,101876.6052209501,97554.92804148694,103823.515
857.0,104322.85997383,101872.08411220078,102114.47595250861,97740.94094192737,103892.495
858.0,104628.3225681438,102109.61044312971,102352.41142571924,97926.88905926567,103972.62
859.0,104934.63195889855,102347.20200032384,102590.40924018096,98112.77148759572,104052.93
860.0,105241.79049356407,102584.85639527801,102828.46699290324,98298.58732422814,104110.615
861.0,105549.80052611778,102822.5712369462,103066.58227840261,98484.3356696952,104175.74
862.0,105858.66441706273,103060.34413183693,103304.75268879966,98670.01562775488,104271.075
863.0,106168.38453344563,103298.17268410958,103542.97581391588,98855.62630539553,104366.305
864.0,106478.96324887522,103536.0544956702,103781.24924137091,99041.16681283992,104448.715
865.0,106790.4029435401,103773.98716626804,104019.57055668006,99226.63626354936,104523.74
866.0,107102.70600422732,104011.96829359207,104257.93734335192,99412.03377422769,104618.73
867.0,107415.87482434051,104249.99547336757,104496.34718298595,99597.35846482529,104706.215
868.0,107729.91180391818,104488.06629945313,104734.79765537065,99782.60945854272,104778.9
869.0,108044.8193496523,104726.17836393758,104973.28633858167,99967.78588183451,104848.03
870.0,108360.59987490637,104964.32925723729,105211.81080907986,100152.8868644126,104940.04
871.0,108677.25579973441,105202.5165681934,105450.36864180997,100337.91153925002,105039.875
872.0,108994.78955089915,105440.73788416928,105688.95741029888,100522.85904258408,105127.89
873.0,109313.20356189075,105678.99079114823,105927.57468675457,100707.72851391966,105201.21
874.0,109632.50027294543,105917.27287383107,106166.21804216468,100892.51909603243,105248.205
875.0,109952.68213106426,106155.58171573404,106404.88504639555,101077.2299349719,105305.145
876.0,110273.75159003162,106393.91489928667,106643.5732682911,101261.86018006428,105356.535
877.0,110595.71111043441,106632.27000592987,106882.28027577203,101446.40898391549,105410.52
878.0,110918.56315968068,106870.6446162139,107121.00363593495,101630.87550241372,105453.06
879.0,111242.31021201849,107109.03630989676,107359.74091515149,101815.2588947322,105498.425
880.0,111566.95474855513,107347.44266604225,107598.48967916789,101999.55832333176,105547.875
881.0,111892.49925727567,107585.86126311834,107837.24749320415,102183.77295396323,105593.81
882.0,112218.94623306258,107824.2896790955,108076.01192205344,102367.90195566972,105646.705
883.0,112546.29817771447,108062.72549154522,108314.78053018177,102551.94450078908,105692.635
884.0,112874.5575999654,108301.1662777383,108553.55088182718,102735.89976495583,105733.49
885.0,113203.72701550409,108539.60961474343,108792.3205410996,102919.76692710322,105761.595
886.0,113533.80894699325,108778.05307952553,109031.08707208002,103103.54516946548,103703.95
